<?xml version="1.0" encoding="UTF-8" standalone="yes"?>
    <addon id="repository.skullsinc" name="sKulls inc. Repo" version="1.0" provider-name="sKulls inc. Team">
        <extension point="xbmc.addon.repository" name="sKulls inc. Repo">
		           <dir>
			            <info compressed="false">https://raw.githubusercontent.com/SkullSplitter2020/sKulls.Repo/main/repo/_zipfiles/addons.xml</info>
	        		    <checksum>https://raw.githubusercontent.com/SkullSplitter2020/sKulls.Repo/main/repo/_zipfiles/addons.xml.md5</checksum>
           				<datadir zip="true">https://raw.githubusercontent.com/SkullSplitter2020/sKulls.Repo/main/repo/_zipfiles/</datadir>
            <hashes>false</hashes>
		            </dir>
        </extension>
        <extension point="xbmc.addon.metadata">
            <summary lang="en_GB">sKulls Repository</summary>
            <description lang="en_GB">Repo from the sKulls inc. Team for you.</description>
            <platform>all</platform>
        <assets>
            <icon>icon.png</icon>
			<fanart>fanart.jpg</fanart>
        </assets>
    </extension>
</addon>