<?xml version="1.0" encoding="UTF-8" standalone="yes"?>
<addon id="script.skullslittle.help" name="sKulls little Help" version="1.0.2" provider-name="sKulls">
	<requires>
		<import addon="xbmc.python" version="3.0.0"/>
	</requires>
	<extension point="xbmc.python.script" library="addon.py">
		<provides>executable</provides>
	</extension>
	<extension point="xbmc.addon.metadata">
		<platform>all</platform>
		<summary lang="de">sKulls kleine Hilfe !</summary>
		<description lang="de">
Willkommen zu sKulls kleiner Hilfe !

BlaBlaBla		
BlaBlaBla		
BlaBlaBla		
BlaBlaBla		
BlaBlaBla		
BlaBlaBla		
		
		</description>
		<license>GNU General Public License, v2</license>
		<language></language>
		<forum>http://forum.kodi.tv/showthread.php?tid=209948</forum>
		<source>https://github.com/zag2me/script.hello.world</source>
		<website>sKulls-inc.eu</website>
		<email>prozessor_1999@yahoo.de</email>
		<assets>
			<icon>icon.png</icon>
			<fanart>fanart.jpg</fanart>
			<screenshot>resources/screenshot-01.jpg</screenshot>
			<screenshot>resources/screenshot-02.jpg</screenshot>
			<screenshot>resources/screenshot-03.jpg</screenshot>
		</assets>
		<news>Updated the addon to use new addon.xml metadata</news>
	</extension>
</addon>
